File,ML algorithm,accuracy,Precision,Recall,F1-score,Time
USB-IDS-1-TRAINING,Nearest Neighbors,0.995579123126919,0.9955401395858426,0.9955862758158177,0.9955630582164224,4142.691616296768
